months_as_customer,age,policy_annual_premium,umbrella_limit,insured_sex,insured_hobbies,capital_gains,capital_loss,incident_type,collision_type,incident_severity,authorities_contacted,incident_hour_of_the_day,number_of_vehicles_involved,property_damage,bodily_injuries,witnesses,police_report_available,total_claim_amount,policy_deductable_groups
83,24,1070.63,0,FEMALE,board-games,0,0,Multi-vehicle Collision,Front Collision,Total Loss,Fire,0,3,missing,0,1,NO,61600,501-1000
463,57,1063.67,0,MALE,dancing,0,0,Single Vehicle Collision,Front Collision,Minor Damage,Police,14,1,NO,2,0,YES,59400,0-500
20,37,1482.14,0,FEMALE,reading,33000,-43600,Multi-vehicle Collision,Rear Collision,Total Loss,Other,15,3,missing,2,1,NO,60750,0-500
309,47,1527.95,0,MALE,hiking,69400,0,Multi-vehicle Collision,Rear Collision,Major Damage,Other,15,4,YES,0,1,missing,77800,0-500
190,40,965.21,0,FEMALE,camping,36900,-53700,Parked Car,missing,Trivial Damage,None,10,1,missing,2,1,YES,6300,1501-2000
136,32,1169.62,0,FEMALE,yachting,0,0,Single Vehicle Collision,Side Collision,Major Damage,Police,6,1,YES,0,0,NO,55000,0-500
232,43,1483.91,8000000,MALE,golf,0,-33600,Multi-vehicle Collision,Rear Collision,Major Damage,Ambulance,17,3,NO,0,1,missing,70600,0-500
259,43,1537.13,0,FEMALE,kayaking,0,-58300,Multi-vehicle Collision,Side Collision,Total Loss,Other,3,3,NO,0,2,YES,57060,1501-2000
85,30,1454.42,0,MALE,reading,51600,-73900,Single Vehicle Collision,Side Collision,Major Damage,Other,19,1,YES,0,1,YES,74280,501-1000
192,35,1245.89,0,FEMALE,movies,0,-40300,Single Vehicle Collision,Rear Collision,Total Loss,Other,19,1,NO,0,0,missing,76600,501-1000
352,53,1793.16,0,MALE,exercise,0,0,Single Vehicle Collision,Front Collision,Minor Damage,Fire,23,1,YES,2,2,NO,68750,0-500
122,34,1220.71,0,MALE,video-games,58600,-28700,Parked Car,missing,Minor Damage,None,5,1,missing,2,1,YES,8190,501-1000
255,45,1192.27,0,MALE,base-jumping,0,-40200,Single Vehicle Collision,Front Collision,Total Loss,Other,16,1,NO,2,0,YES,67320,0-500
429,56,1127.89,6000000,MALE,skydiving,67400,-43800,Single Vehicle Collision,Rear Collision,Minor Damage,Ambulance,0,1,YES,2,0,YES,39480,501-1000
277,46,1177.57,0,FEMALE,video-games,0,-65500,Vehicle Theft,missing,Minor Damage,Police,4,1,missing,2,3,NO,3870,1501-2000
24,33,1922.84,0,FEMALE,skydiving,0,-45200,Single Vehicle Collision,Side Collision,Total Loss,Police,0,1,missing,2,1,NO,46800,501-1000
350,54,1495.1,0,MALE,basketball,50500,0,Multi-vehicle Collision,Side Collision,Total Loss,Police,15,3,NO,0,0,missing,93480,0-500
137,34,1333.35,0,MALE,board-games,0,-77000,Multi-vehicle Collision,Front Collision,Minor Damage,Police,0,3,missing,0,0,missing,78650,501-1000
64,29,1202.28,0,MALE,cross-fit,0,-61400,Single Vehicle Collision,Side Collision,Minor Damage,Ambulance,4,1,missing,1,2,NO,43700,1501-2000
0,32,1377.04,0,MALE,base-jumping,61400,-41100,Multi-vehicle Collision,Rear Collision,Minor Damage,Ambulance,6,4,missing,1,1,NO,39720,501-1000
32,38,566.11,5000000,MALE,polo,0,0,Parked Car,missing,Trivial Damage,Police,22,1,YES,0,0,NO,2640,1501-2000
300,49,1441.21,0,FEMALE,kayaking,0,0,Vehicle Theft,missing,Trivial Damage,None,3,1,NO,1,0,NO,7080,501-1000
286,41,1298.85,6000000,FEMALE,camping,71300,-70300,Multi-vehicle Collision,Front Collision,Major Damage,Ambulance,16,3,missing,1,3,YES,54450,501-1000
289,48,1173.37,8000000,FEMALE,board-games,0,-42700,Single Vehicle Collision,Front Collision,Total Loss,Other,1,1,missing,1,0,missing,42900,0-500
146,32,1276.43,0,MALE,skydiving,0,0,Single Vehicle Collision,Rear Collision,Major Damage,Fire,12,1,missing,0,3,missing,59940,1501-2000
245,39,964.79,8000000,FEMALE,camping,58000,0,Multi-vehicle Collision,Rear Collision,Minor Damage,Police,7,3,missing,0,1,missing,72820,0-500
298,47,1338.5,0,FEMALE,basketball,28800,0,Single Vehicle Collision,Front Collision,Major Damage,Fire,1,1,missing,0,0,missing,70590,1501-2000
180,35,1252.48,0,MALE,yachting,0,-55800,Vehicle Theft,missing,Minor Damage,None,17,1,missing,1,3,NO,5100,501-1000
228,39,1388.62,0,FEMALE,reading,35200,0,Single Vehicle Collision,Side Collision,Minor Damage,Other,10,1,YES,1,0,YES,59490,0-500
315,44,974.16,6000000,FEMALE,reading,0,-56800,Multi-vehicle Collision,Front Collision,Total Loss,Other,12,3,missing,1,0,YES,26730,501-1000
285,48,1101.85,0,FEMALE,dancing,46100,0,Single Vehicle Collision,Side Collision,Minor Damage,Police,9,1,NO,1,2,YES,33480,1501-2000
95,30,1370.92,0,MALE,video-games,48900,0,Single Vehicle Collision,Rear Collision,Minor Damage,Police,22,1,YES,0,3,missing,34800,1501-2000
373,55,1607.36,0,MALE,yachting,0,0,Multi-vehicle Collision,Rear Collision,Major Damage,Other,21,4,missing,0,2,NO,60600,0-500
261,46,870.55,0,MALE,camping,0,-49400,Single Vehicle Collision,Rear Collision,Minor Damage,Other,19,1,missing,0,3,missing,80280,501-1000
65,30,1455.65,4000000,FEMALE,skydiving,0,-66300,Multi-vehicle Collision,Side Collision,Total Loss,Fire,6,3,missing,2,3,NO,79800,0-500
217,39,1399.85,0,FEMALE,skydiving,49900,-19800,Multi-vehicle Collision,Front Collision,Minor Damage,Fire,16,3,NO,0,2,missing,64920,1501-2000
194,39,1489.24,6000000,FEMALE,kayaking,0,-45000,Vehicle Theft,missing,Minor Damage,None,15,1,YES,2,2,YES,8060,501-1000
130,34,990.11,0,MALE,kayaking,0,-41200,Parked Car,missing,Trivial Damage,None,8,1,missing,1,3,YES,5830,0-500
254,40,1390.89,5000000,MALE,bungie-jumping,0,-74400,Single Vehicle Collision,Front Collision,Minor Damage,Other,23,1,missing,2,2,missing,53460,0-500
131,33,1081.17,0,MALE,yachting,0,-65200,Parked Car,missing,Minor Damage,Police,3,1,missing,0,1,NO,4900,1501-2000
263,43,1294.04,0,FEMALE,movies,0,0,Single Vehicle Collision,Rear Collision,Minor Damage,Fire,17,1,YES,2,3,YES,79320,501-1000
132,32,1106.84,0,MALE,reading,43100,-31900,Vehicle Theft,missing,Minor Damage,Police,21,1,YES,1,1,YES,5600,1501-2000
127,29,1326.44,5000000,FEMALE,board-games,0,0,Multi-vehicle Collision,Front Collision,Total Loss,Fire,12,2,YES,1,1,missing,66950,1501-2000
80,27,1474.17,0,FEMALE,exercise,0,0,Single Vehicle Collision,Side Collision,Major Damage,Police,13,1,YES,1,0,YES,52800,501-1000
271,42,1515.3,0,FEMALE,hiking,0,0,Multi-vehicle Collision,Rear Collision,Total Loss,Ambulance,21,3,NO,1,0,NO,93720,0-500
222,39,1757.87,0,MALE,board-games,71400,0,Multi-vehicle Collision,Rear Collision,Major Damage,Other,9,3,YES,2,1,missing,55000,0-500
478,63,1292.3,0,MALE,paintball,47600,0,Parked Car,missing,Minor Damage,None,5,1,YES,1,3,NO,4700,501-1000
116,34,1737.66,0,MALE,chess,0,-24100,Single Vehicle Collision,Side Collision,Major Damage,Police,1,1,missing,1,1,missing,97080,0-500
126,30,1171.75,0,FEMALE,board-games,46500,-42700,Single Vehicle Collision,Side Collision,Minor Damage,Other,23,1,missing,2,3,NO,48730,1501-2000
253,46,1358.2,0,FEMALE,movies,52900,0,Multi-vehicle Collision,Front Collision,Major Damage,Ambulance,11,3,YES,0,0,NO,64570,0-500
476,61,1562.8,0,FEMALE,dancing,42800,-68200,Single Vehicle Collision,Front Collision,Total Loss,Fire,10,1,missing,1,2,YES,49390,501-1000
149,37,1415.68,0,MALE,yachting,0,0,Single Vehicle Collision,Side Collision,Total Loss,Fire,17,1,YES,0,1,YES,64800,0-500
110,27,1664.66,0,FEMALE,golf,0,-66200,Single Vehicle Collision,Side Collision,Total Loss,Ambulance,3,1,missing,0,3,missing,57500,501-1000
147,33,1334.15,6000000,MALE,reading,53300,-49200,Single Vehicle Collision,Front Collision,Major Damage,Other,15,1,YES,2,0,YES,53100,501-1000
82,27,1384.51,0,MALE,reading,13100,-38200,Single Vehicle Collision,Rear Collision,Major Damage,Other,14,1,NO,2,3,missing,71680,501-1000
78,24,1175.51,0,MALE,yachting,0,0,Vehicle Theft,missing,Minor Damage,Police,20,1,missing,0,1,YES,7480,0-500
254,45,1083.64,0,MALE,paintball,59800,0,Multi-vehicle Collision,Rear Collision,Total Loss,Police,19,3,YES,0,0,missing,79680,0-500
125,31,1220.86,0,MALE,paintball,55400,-40400,Parked Car,missing,Trivial Damage,None,4,1,YES,1,2,missing,4320,0-500
69,24,1418.5,0,FEMALE,yachting,0,0,Multi-vehicle Collision,Rear Collision,Minor Damage,Police,23,3,missing,0,0,NO,63300,0-500
334,50,1216.24,0,MALE,polo,26700,-47200,Single Vehicle Collision,Rear Collision,Major Damage,Fire,7,1,NO,2,0,missing,50000,0-500
156,37,1086.48,6000000,MALE,hiking,0,-53800,Multi-vehicle Collision,Rear Collision,Total Loss,Other,17,3,missing,1,1,YES,77440,501-1000
272,41,1608.34,0,FEMALE,reading,33300,-10600,Single Vehicle Collision,Side Collision,Major Damage,Other,19,1,missing,1,1,missing,71060,1501-2000
409,57,1191.8,6000000,MALE,exercise,55600,0,Single Vehicle Collision,Side Collision,Major Damage,Other,19,1,NO,1,0,missing,73320,501-1000
246,43,1267.4,6000000,MALE,basketball,0,0,Single Vehicle Collision,Side Collision,Minor Damage,Fire,0,1,NO,2,1,missing,50700,501-1000
128,35,1366.6,0,FEMALE,kayaking,0,0,Multi-vehicle Collision,Front Collision,Minor Damage,Fire,10,3,missing,2,1,NO,88220,0-500
292,42,1588.22,0,MALE,camping,0,-53800,Multi-vehicle Collision,Rear Collision,Total Loss,Other,15,3,YES,1,1,NO,84600,501-1000
33,33,1096.79,6000000,FEMALE,dancing,45500,-60600,Single Vehicle Collision,Rear Collision,Major Damage,Police,16,1,missing,2,1,missing,81400,501-1000
140,30,1354.2,0,FEMALE,bungie-jumping,100500,0,Multi-vehicle Collision,Side Collision,Minor Damage,Other,4,4,missing,0,0,missing,60170,0-500
15,34,1586.41,0,FEMALE,video-games,33500,-58900,Single Vehicle Collision,Front Collision,Major Damage,Police,10,1,YES,1,3,missing,75570,1501-2000
140,31,708.64,6000000,MALE,reading,53500,0,Single Vehicle Collision,Side Collision,Total Loss,Police,9,1,NO,0,2,YES,77880,0-500
276,46,1090.32,0,MALE,chess,0,-70400,Single Vehicle Collision,Front Collision,Minor Damage,Ambulance,17,1,NO,1,2,missing,51390,1501-2000
273,41,1403.9,0,FEMALE,dancing,0,0,Multi-vehicle Collision,Side Collision,Total Loss,Police,16,2,missing,1,2,YES,44110,501-1000
177,38,1540.19,0,FEMALE,skydiving,0,-74500,Single Vehicle Collision,Front Collision,Major Damage,Other,20,1,YES,2,0,NO,73700,1501-2000
163,37,1200.33,4000000,FEMALE,cross-fit,0,-36400,Vehicle Theft,missing,Minor Damage,Police,7,1,missing,2,1,YES,3900,501-1000
347,51,1480.79,9000000,FEMALE,board-games,0,-12100,Single Vehicle Collision,Side Collision,Total Loss,Other,15,1,YES,0,2,missing,103560,0-500
254,39,1362.87,0,FEMALE,chess,35700,0,Multi-vehicle Collision,Front Collision,Minor Damage,Ambulance,6,3,YES,2,2,NO,82320,0-500
252,39,1086.21,0,MALE,hiking,68500,-57500,Single Vehicle Collision,Side Collision,Minor Damage,Police,18,1,missing,1,2,missing,50490,501-1000
185,34,1257.36,0,FEMALE,movies,0,0,Multi-vehicle Collision,Side Collision,Major Damage,Fire,20,3,YES,1,1,missing,51370,0-500
85,25,1259.02,0,FEMALE,base-jumping,67000,-53600,Parked Car,missing,Trivial Damage,None,8,1,NO,2,2,missing,5640,0-500
229,43,1585.54,0,MALE,reading,42600,-44400,Vehicle Theft,missing,Minor Damage,None,3,1,NO,1,0,YES,4620,1501-2000
461,57,865.33,7000000,FEMALE,golf,0,0,Multi-vehicle Collision,Side Collision,Major Damage,Ambulance,7,3,NO,0,1,missing,59040,0-500
371,50,1569.33,0,MALE,board-games,79600,0,Multi-vehicle Collision,Side Collision,Major Damage,Other,2,3,NO,2,1,YES,84500,501-1000
92,32,1592.41,0,MALE,yachting,58900,-29100,Single Vehicle Collision,Rear Collision,Total Loss,Ambulance,22,1,missing,2,3,YES,53400,0-500
173,36,1274.63,0,MALE,basketball,51000,0,Single Vehicle Collision,Rear Collision,Total Loss,Fire,22,1,YES,2,3,NO,52030,501-1000
187,37,1412.06,5000000,FEMALE,reading,60100,0,Single Vehicle Collision,Side Collision,Total Loss,Ambulance,21,1,missing,0,3,missing,57700,501-1000
98,31,671.92,0,MALE,bungie-jumping,0,-26400,Single Vehicle Collision,Front Collision,Minor Damage,Other,3,1,missing,2,0,missing,64080,0-500
43,38,1601.47,0,MALE,skydiving,64400,0,Multi-vehicle Collision,Front Collision,Total Loss,Other,1,3,YES,2,2,missing,61650,501-1000
103,33,1021.14,0,FEMALE,paintball,69500,-47700,Multi-vehicle Collision,Side Collision,Major Damage,Ambulance,1,3,NO,2,3,missing,79090,1501-2000
297,48,1243.68,0,MALE,camping,0,-71400,Multi-vehicle Collision,Front Collision,Major Damage,Other,18,3,missing,0,2,missing,54960,501-1000
379,54,1251.16,0,FEMALE,kayaking,41400,0,Single Vehicle Collision,Front Collision,Total Loss,Ambulance,14,1,missing,0,1,NO,75960,0-500
126,31,1328.26,0,MALE,exercise,42300,-45800,Single Vehicle Collision,Front Collision,Total Loss,Police,17,1,NO,1,1,NO,60840,501-1000
128,28,986.53,0,FEMALE,polo,62700,0,Single Vehicle Collision,Rear Collision,Total Loss,Ambulance,11,1,NO,0,2,YES,101860,501-1000
196,41,1800.76,0,MALE,camping,0,-78600,Multi-vehicle Collision,Rear Collision,Minor Damage,Ambulance,0,3,NO,1,0,NO,47800,1501-2000
95,32,1356.64,0,MALE,golf,67800,-48600,Multi-vehicle Collision,Side Collision,Total Loss,Police,21,3,YES,0,3,YES,83160,1501-2000
108,32,1257.0,4000000,FEMALE,basketball,63900,-43700,Single Vehicle Collision,Front Collision,Total Loss,Other,23,1,NO,1,3,NO,61270,1501-2000
475,61,1265.72,0,FEMALE,paintball,0,-59500,Single Vehicle Collision,Front Collision,Major Damage,Fire,23,1,YES,0,2,missing,64350,0-500
294,49,1135.43,0,MALE,bungie-jumping,22700,0,Multi-vehicle Collision,Side Collision,Total Loss,Police,23,3,YES,1,1,YES,42900,0-500
152,30,1448.54,0,FEMALE,polo,58600,0,Single Vehicle Collision,Side Collision,Major Damage,Fire,9,1,YES,1,1,missing,84590,0-500
244,40,1342.8,0,FEMALE,base-jumping,0,0,Vehicle Theft,missing,Trivial Damage,Police,2,1,YES,1,3,YES,5940,0-500
101,33,1053.04,7000000,FEMALE,reading,52000,-44500,Multi-vehicle Collision,Rear Collision,Minor Damage,Ambulance,20,3,NO,1,3,missing,54240,501-1000
